{"assets/icons/Logo.svg":["assets/icons/Logo.svg"],"assets/images/clip-1062.png":["assets/images/clip-1062.png"],"assets/images/clip-calculating.png":["assets/images/clip-calculating.png"],"assets/images/clip-end-of-quarantine-happy-and-joyful-girl-2.png":["assets/images/clip-end-of-quarantine-happy-and-joyful-girl-2.png"],"fonts/circular-std-medium-500.ttf":["fonts/circular-std-medium-500.ttf"],"packages/cupertino_icons/assets/CupertinoIcons.ttf":["packages/cupertino_icons/assets/CupertinoIcons.ttf"]}